annotation_id,annotator,email,created_at,timestamp,id,image,lead_time,text_cap_en,text_cap_native,text_culture_loc,text_image_loc,text_submitter_native_lang,updated_at,similarity_id
,,seacrowd.research@gmail.com,23/01/2025,23/01/2025,,https://raw.githubusercontent.com/SEACrowd/sea-vl-image-collection/refs/heads/main/data/Fil%20%281%29%20-%20Filbert%20Aurelian%20Tjiaranata.jpg,,chickens in a cage on a poultry farm,ayam-ayam di dalam kandang pada peternakan ayam petelur,Indonesia,"Bandung, Indonesia",Indonesian (ind),,

,,seacrowd.research@gmail.com,23/01/2025,23/01/2025,,https://raw.githubusercontent.com/SEACrowd/sea-vl-image-collection/refs/heads/main/data/Fil%20%2810%29%20-%20Filbert%20Aurelian%20Tjiaranata.jpg,,Bird's eye view of the Prince Diponegoro Mosque at the Taman Mini Indonesia Indah (TMII),Penampakan atas Masjid Pangeran Diponegoro pada Taman Mini Indonesia Indah (TMII),Indonesia,"Jakarta, Indonesia",Indonesian (ind),,

,,seacrowd.research@gmail.com,23/01/2025,23/01/2025,,https://raw.githubusercontent.com/SEACrowd/sea-vl-image-collection/refs/heads/main/data/Fil%20%2811%29%20-%20Filbert%20Aurelian%20Tjiaranata.jpg,,Bird's eye view of the St. Catherine Catholic Church at the Taman Mini Indonesia Indah (TMII),Penampakan atas Gereja Katolik Santa Catharina pada Taman Mini Indonesia Indah (TMII),Indonesia,"Jakarta, Indonesia",Indonesian (ind),,

,,seacrowd.research@gmail.com,23/01/2025,23/01/2025,,https://raw.githubusercontent.com/SEACrowd/sea-vl-image-collection/refs/heads/main/data/Fil%20%2812%29%20-%20Filbert%20Aurelian%20Tjiaranata.jpg,,Riverside Glamping Place at Pangalengan Area of Bandung,"Glamping tepi sungai di Pangalengan, Bandung",Indonesia,"Bandung, Indonesia",Indonesian (ind),,

,,seacrowd.research@gmail.com,23/01/2025,23/01/2025,,https://raw.githubusercontent.com/SEACrowd/sea-vl-image-collection/refs/heads/main/data/Fil%20%2813%29%20-%20Filbert%20Aurelian%20Tjiaranata.jpg,,Soekarno-Hatta Airport's Commuter Line (Basoetta),Kereta Api Bandara Soekarno-Hatta (Basoetta),Indonesia,"Jakarta, Indonesia",Indonesian (ind),,

,,seacrowd.research@gmail.com,23/01/2025,23/01/2025,,https://raw.githubusercontent.com/SEACrowd/sea-vl-image-collection/refs/heads/main/data/Fil%20%2814%29%20-%20Filbert%20Aurelian%20Tjiaranata.jpg,,Cafe with Batur Mount's panoramic view,Cafe dengan pemandangan Gunung Batur di Bali,Indonesia,"Bali, Indonesia",Indonesian (ind),,

,,seacrowd.research@gmail.com,23/01/2025,23/01/2025,,https://raw.githubusercontent.com/SEACrowd/sea-vl-image-collection/refs/heads/main/data/Fil%20%2815%29%20-%20Filbert%20Aurelian%20Tjiaranata.jpg,,Old Bakery built in the Dutch Era located at Malang,Toko Roti Kuno Peninggalan Zaman Belanda di Malang,Indonesia,"Malang, Indonesia",Indonesian (ind),,

,,seacrowd.research@gmail.com,23/01/2025,23/01/2025,,https://raw.githubusercontent.com/SEACrowd/sea-vl-image-collection/refs/heads/main/data/Fil%20%2816%29%20-%20Filbert%20Aurelian%20Tjiaranata.jpg,,Nglanggeran Ancient Volcano in Yogyakarta,Gunung Api Purba Nglanggeran di Yogyakarta,Indonesia,"Yogyakarta, Indonesia",Indonesian (ind),,

,,seacrowd.research@gmail.com,23/01/2025,23/01/2025,,https://raw.githubusercontent.com/SEACrowd/sea-vl-image-collection/refs/heads/main/data/Fil%20%2817%29%20-%20Filbert%20Aurelian%20Tjiaranata.jpg,,"Traditional Yogyakarta dish (rice, braised tofu, tendons, and vermicelli) with a view of the Nglanggeran Ancient Volcano","Makanan tradisional Yogyakarta (nasi, tahu bacem, kikil, dan bihun) dengan pemandangan Gunung Api Purba Nglanggeran",Indonesia,"Yogyakarta, Indonesia",Indonesian (ind),,

,,seacrowd.research@gmail.com,23/01/2025,23/01/2025,,https://raw.githubusercontent.com/SEACrowd/sea-vl-image-collection/refs/heads/main/data/Fil%20%2818%29%20-%20Filbert%20Aurelian%20Tjiaranata.jpg,,"Sate Klathak (goat satay with bicycle spokes skewers), traditional dish of Yogyakarta","Sate Klathak (sate kambing dengan tusukan jeruji besi sepeda), makanan tradisional Yogyakarta",Indonesia,"Yogyakarta, Indonesia",Indonesian (ind),,

,,seacrowd.research@gmail.com,23/01/2025,23/01/2025,,https://raw.githubusercontent.com/SEACrowd/sea-vl-image-collection/refs/heads/main/data/Fil%20%2819%29%20-%20Filbert%20Aurelian%20Tjiaranata.jpg,,Bird's eye view of Krecek Village at Central Java,Penampakan atas Dusun Krecek di Jawa Tengah,Indonesia,"Jawa Tengah, Indonesia",Indonesian (ind),,

,,seacrowd.research@gmail.com,23/01/2025,23/01/2025,,https://raw.githubusercontent.com/SEACrowd/sea-vl-image-collection/refs/heads/main/data/Fil%20%282%29%20-%20Filbert%20Aurelian%20Tjiaranata.jpg,,Nasi uduk (white rice cooked in coconut milk topped with fried onions),Nasi uduk (nasi putih yang dimasak dengan santan dengan topping bawang goreng),Indonesia,"Jakarta, Indonesia",Indonesian (ind),,

,,seacrowd.research@gmail.com,23/01/2025,23/01/2025,,https://raw.githubusercontent.com/SEACrowd/sea-vl-image-collection/refs/heads/main/data/Fil%20%2820%29%20-%20Filbert%20Aurelian%20Tjiaranata.jpg,,Kwan Im Statue at Avalokitesvara Temple next to the forest in Cianjur,Patung Kwan Im pada Vihara Avalokitesvara di samping hutan di Cianjur,Indonesia,"Cianjur, Indonesia",Indonesian (ind),,

,,seacrowd.research@gmail.com,23/01/2025,23/01/2025,,https://raw.githubusercontent.com/SEACrowd/sea-vl-image-collection/refs/heads/main/data/Fil%20%2821%29%20-%20Filbert%20Aurelian%20Tjiaranata.jpg,,Nasi Tim (steamed rice with chicken until soft and savory),Nasi Tim (nasi yang dikukus dengan potongan ayam hingga lembut dan gurih),Indonesia,"Cianjur, Indonesia",Indonesian (ind),,

,,seacrowd.research@gmail.com,23/01/2025,23/01/2025,,https://raw.githubusercontent.com/SEACrowd/sea-vl-image-collection/refs/heads/main/data/Fil%20%2822%29%20-%20Filbert%20Aurelian%20Tjiaranata.jpg,,The Kwan Im statue at the Sakyavanaram Pacet Temple in Cipanas,Patung Kwan Im pada Vihara Sakyavanaram Pacet di Cipanas,Indonesia,"Cipanas, Indonesia",Indonesian (ind),,

,,seacrowd.research@gmail.com,23/01/2025,23/01/2025,,https://raw.githubusercontent.com/SEACrowd/sea-vl-image-collection/refs/heads/main/data/Fil%20%2823%29%20-%20Filbert%20Aurelian%20Tjiaranata.jpg,,Mie Belacan ((a traditional dish from Medan that is noodles cooked with shrimp paste seasoning and seafood topping),Mie Belacan (hidangan tradisional dari Medan berupa mie yang dimasak dengan bumbu terasi dan isian seafood),Indonesia,"Medan, Indonesia",Indonesian (ind),,

,,seacrowd.research@gmail.com,23/01/2025,23/01/2025,,https://raw.githubusercontent.com/SEACrowd/sea-vl-image-collection/refs/heads/main/data/Fil%20%2824%29%20-%20Filbert%20Aurelian%20Tjiaranata.jpg,,Rice with kalasan fried chicken with lettuce and chili sauce condiment,Nasi dengan ayam goreng kalasan dengan selada dan sambal,Indonesia,"Jakarta, Indonesia",Indonesian (ind),,

,,seacrowd.research@gmail.com,23/01/2025,23/01/2025,,https://raw.githubusercontent.com/SEACrowd/sea-vl-image-collection/refs/heads/main/data/Fil%20%2825%29%20-%20Filbert%20Aurelian%20Tjiaranata.jpg,,"View at Petak Enam, Chandra Glodok at nighttime (a culinary tourism destination with Chinese architectural buildings and elements)","Suasana malam di Petak Enam, Chandra Glodok (destinasi wisata kuliner dengan bangunan arsitektur Cina)",Indonesia,"Jakarta, Indonesia",Indonesian (ind),,

,,seacrowd.research@gmail.com,23/01/2025,23/01/2025,,https://raw.githubusercontent.com/SEACrowd/sea-vl-image-collection/refs/heads/main/data/Fil%20%2826%29%20-%20Filbert%20Aurelian%20Tjiaranata.jpg,,"View at Petak Enam, Chandra Glodok at nighttime (a culinary tourism destination with Chinese architectural buildings and elements)","Suasana malam di Petak Enam, Chandra Glodok (destinasi wisata kuliner dengan bangunan arsitektur Cina)",Indonesia,"Jakarta, Indonesia",Indonesian (ind),,

,,seacrowd.research@gmail.com,23/01/2025,23/01/2025,,https://raw.githubusercontent.com/SEACrowd/sea-vl-image-collection/refs/heads/main/data/Fil%20%2827%29%20-%20Filbert%20Aurelian%20Tjiaranata.jpg,,Wall frame crafts made out of silver from Kotagede (silver craftsman's area) in Yogyakarta,Hiasan dinding kerajinan perak dengan frame dari Kotagede (tempat pengrajin perak) di Yogyakarta,Indonesia,"Yogyakarta, Indonesia",Indonesian (ind),,

,,seacrowd.research@gmail.com,23/01/2025,23/01/2025,,https://raw.githubusercontent.com/SEACrowd/sea-vl-image-collection/refs/heads/main/data/Fil%20%2828%29%20-%20Filbert%20Aurelian%20Tjiaranata.jpg,,Breksi Cliff (a natural rock tourist destination from a former mine) near Prambanan,Tebing Breksi (destinasi wisata batuan alam bekas tambang) di dekat Prambanan,Indonesia,"Yogyakarta, Indonesia",Indonesian (ind),,

,,seacrowd.research@gmail.com,23/01/2025,23/01/2025,,https://raw.githubusercontent.com/SEACrowd/sea-vl-image-collection/refs/heads/main/data/Fil%20%2829%29%20-%20Filbert%20Aurelian%20Tjiaranata.jpg,,Nasi Hainam Campur (Hainanese rice with various types of pork toppings) usually eaten by people with Chinese-Indonesian ethnicity,Nasi Hainam Campur (Nasi hainam dengan topping aneka jenis babi) biasanya dimakan oleh orang Indonesia beretnis Tionghoa,Indonesia,"Jakarta, Indonesia",Indonesian (ind),,

,,seacrowd.research@gmail.com,23/01/2025,23/01/2025,,https://raw.githubusercontent.com/SEACrowd/sea-vl-image-collection/refs/heads/main/data/Fil%20%283%29%20-%20Filbert%20Aurelian%20Tjiaranata.jpg,,"Yellow fried chicken, fried tempeh with skin, intestines, and heart skewers (usually eaten with nasi uduk)","Ayam goreng, tempe goreng dengan jeroan sate kulit, usus, dan jantung (biasanya dimakan dengan nasi uduk)",Indonesia,"Jakarta, Indonesia",Indonesian (ind),,

,,seacrowd.research@gmail.com,23/01/2025,23/01/2025,,https://raw.githubusercontent.com/SEACrowd/sea-vl-image-collection/refs/heads/main/data/Fil%20%2830%29%20-%20Filbert%20Aurelian%20Tjiaranata.jpg,,"Specialty noodle dish from the city of Pematang Siantar, North Sumatra (usually eaten by people with Chinese-Indonesian ethnicity)","Hidangan mie khas dari kota Pematang Siantar, Sumatera Utara (biasanya dimakan oleh orang Indonesia beretnis Tionghoa)",Indonesia,"Jakarta, Indonesia",Indonesian (ind),,

,,seacrowd.research@gmail.com,23/01/2025,23/01/2025,,https://raw.githubusercontent.com/SEACrowd/sea-vl-image-collection/refs/heads/main/data/Fil%20%2831%29%20-%20Filbert%20Aurelian%20Tjiaranata.jpg,,"Villa with farm in Lembang, Bandung","Villa dengan kebun di Lembang, Bandung",Indonesia,"Bandung, Indonesia",Indonesian (ind),,

,,seacrowd.research@gmail.com,23/01/2025,23/01/2025,,https://raw.githubusercontent.com/SEACrowd/sea-vl-image-collection/refs/heads/main/data/Fil%20%2832%29%20-%20Filbert%20Aurelian%20Tjiaranata.jpg,,"Angkringan in Semarang (street stalls selling food and drinks at night, often found in Central Java)","Angkringan di Semarang (warung kaki lima yang menjual makanan dan minuman pada malam hari, sering ditemukan di Jawa Tengah)",Indonesia,"Jawa Tengah, Indonesia",Indonesian (ind),,

,,seacrowd.research@gmail.com,23/01/2025,23/01/2025,,https://raw.githubusercontent.com/SEACrowd/sea-vl-image-collection/refs/heads/main/data/Fil%20%2833%29%20-%20Filbert%20Aurelian%20Tjiaranata.jpg,,"Warteg (warung Tegal) meal consisting of rice, dried potatoes (mustofa), fried egg, green beans and stir-fried intestines.","Makanan warteg (Warung Tegal) yang terdiri dari nasi, kentang kering (mustofa), telur, kacang panjang, dan tumis usus.",Indonesia,"Depok, Indonesia",Indonesian (ind),,

,,seacrowd.research@gmail.com,23/01/2025,23/01/2025,,https://raw.githubusercontent.com/SEACrowd/sea-vl-image-collection/refs/heads/main/data/Fil%20%2834%29%20-%20Filbert%20Aurelian%20Tjiaranata.jpg,,"Sunset scenery at Kuta Beach, Bali","Suasana matahari terbenam di Pantai Kuta, Bali",Indonesia,"Bali, Indonesia",Indonesian (ind),,

,,seacrowd.research@gmail.com,23/01/2025,23/01/2025,,https://raw.githubusercontent.com/SEACrowd/sea-vl-image-collection/refs/heads/main/data/Fil%20%2835%29%20-%20Filbert%20Aurelian%20Tjiaranata.jpg,,Indomie (famous instant noodle brand from Indonesia) with egg,Indomie goreng dengan telur,Indonesia,"Jakarta, Indonesia",Indonesian (ind),,

,,seacrowd.research@gmail.com,23/01/2025,23/01/2025,,https://raw.githubusercontent.com/SEACrowd/sea-vl-image-collection/refs/heads/main/data/Fil%20%2836%29%20-%20Filbert%20Aurelian%20Tjiaranata.jpg,,Soto Bokoran (legendary soto specialty of Semarang),Soto Bokoran (Soto legendaris khas semarang),Indonesia,"Semarang, Indonesia",Indonesian (ind),,

,,seacrowd.research@gmail.com,23/01/2025,23/01/2025,,https://raw.githubusercontent.com/SEACrowd/sea-vl-image-collection/refs/heads/main/data/Fil%20%2837%29%20-%20Filbert%20Aurelian%20Tjiaranata.jpg,,"Nasi Pecel (a typical Javanese dish consisting of white rice, boiled vegetables, fried tempeh, tempeyek, and peanut sauce)","Nasi Pecel (hidangan khas Jawa yang terdiri dari nasi putih, sayuran rebus, tempe goreng, tempeyek, dan sambal kacang)",Indonesia,"Malang, Indonesia",Indonesian (ind),,

,,seacrowd.research@gmail.com,23/01/2025,23/01/2025,,https://raw.githubusercontent.com/SEACrowd/sea-vl-image-collection/refs/heads/main/data/Fil%20%2838%29%20-%20Filbert%20Aurelian%20Tjiaranata.jpg,,"Warteg (warung Tegal) meal consisting of rice, dried potatoes (mustofa), egg, and stir-fried oyster mushroom.","Makanan warteg (Warung Tegal) yang terdiri dari nasi, kentang kering (mustofa), telur, dan cah jamur tiram.",Indonesia,"Depok, Indonesia",Indonesian (ind),,

,,seacrowd.research@gmail.com,23/01/2025,23/01/2025,,https://raw.githubusercontent.com/SEACrowd/sea-vl-image-collection/refs/heads/main/data/Fil%20%2839%29%20-%20Filbert%20Aurelian%20Tjiaranata.jpg,,Flag ceremony atmosphere at a high school in Indonesia,Suasana upacara bendera di salah satu SMA di Indonesia,Indonesia,"Jakarta, Indonesia",Indonesian (ind),,

,,seacrowd.research@gmail.com,23/01/2025,23/01/2025,,https://raw.githubusercontent.com/SEACrowd/sea-vl-image-collection/refs/heads/main/data/Fil%20%284%29%20-%20Filbert%20Aurelian%20Tjiaranata.jpg,,Beef fried rice with cucumber,Nasi goreng sapi dengan timun,Indonesia,"Jakarta, Indonesia",Indonesian (ind),,

,,seacrowd.research@gmail.com,23/01/2025,23/01/2025,,https://raw.githubusercontent.com/SEACrowd/sea-vl-image-collection/refs/heads/main/data/Fil%20%2840%29%20-%20Filbert%20Aurelian%20Tjiaranata.jpg,,Soto Bokoran and complementary toppings (legendary soto specialty of Semarang),Soto Bokoran dan topping pelengkapnya(Soto legendaris khas semarang),Indonesia,"Semarang, Indonesia",Indonesian (ind),,

,,seacrowd.research@gmail.com,23/01/2025,23/01/2025,,https://raw.githubusercontent.com/SEACrowd/sea-vl-image-collection/refs/heads/main/data/Fil%20%2841%29%20-%20Filbert%20Aurelian%20Tjiaranata.jpg,,"Rainbow sighting in the Pancar mountains, Sentul","Pelangi yang muncul di pegunungan Pancar, Sentul",Indonesia,"Jawa Barat, Indonesia",Indonesian (ind),,

,,seacrowd.research@gmail.com,23/01/2025,23/01/2025,,https://raw.githubusercontent.com/SEACrowd/sea-vl-image-collection/refs/heads/main/data/Fil%20%2842%29%20-%20Filbert%20Aurelian%20Tjiaranata.jpg,,"Tari Topeng, a sundanese traditional dance at Saung Angklung Udjo","Tari Topeng khas Sunda di Saung Angklung Udjo, Bandung",Indonesia,"Bandung, Indonesia",Indonesian (ind),,

,,seacrowd.research@gmail.com,23/01/2025,23/01/2025,,https://raw.githubusercontent.com/SEACrowd/sea-vl-image-collection/refs/heads/main/data/Fil%20%2843%29%20-%20Filbert%20Aurelian%20Tjiaranata.jpg,,"Tari Topeng, a sundanese traditional dance at Saung Angklung Udjo","Tari Topeng khas Sunda di Saung Angklung Udjo, Bandung",Indonesia,"Bandung, Indonesia",Indonesian (ind),,

,,seacrowd.research@gmail.com,23/01/2025,23/01/2025,,https://raw.githubusercontent.com/SEACrowd/sea-vl-image-collection/refs/heads/main/data/Fil%20%2844%29%20-%20Filbert%20Aurelian%20Tjiaranata.jpg,,Wayang paintings at the Painting Market in Yogyakarta,Lukisan wayang di Pasar lukisan di Yogyakarta,Indonesia,"Yogyakarta, Indonesia",Indonesian (ind),,

,,seacrowd.research@gmail.com,23/01/2025,23/01/2025,,https://raw.githubusercontent.com/SEACrowd/sea-vl-image-collection/refs/heads/main/data/Fil%20%2845%29%20-%20Filbert%20Aurelian%20Tjiaranata.jpg,,"Ayam Goreng President and sweet soy sauce on the side, a famous dish in Surabaya","Ayam Goreng President dan bumbu kecap manis di sampingnya, makanan terkenal di Surabaya",Indonesia,"Surabaya, Indonesia",Indonesian (ind),,

,,seacrowd.research@gmail.com,23/01/2025,23/01/2025,,https://raw.githubusercontent.com/SEACrowd/sea-vl-image-collection/refs/heads/main/data/Fil%20%2846%29%20-%20Filbert%20Aurelian%20Tjiaranata.jpg,,"Soto Kadipiro with pop chicken on the side, a famous food in Yogyakarta","Soto Kadipiro dengan ayam pop di sampingnya, makanan terkenal di Yogyakarta",Indonesia,"Yogyakarta, Indonesia",Indonesian (ind),,

,,seacrowd.research@gmail.com,23/01/2025,23/01/2025,,https://raw.githubusercontent.com/SEACrowd/sea-vl-image-collection/refs/heads/main/data/Fil%20%2847%29%20-%20Filbert%20Aurelian%20Tjiaranata.jpg,,Offerings on the Buddhist altar by the Indonesian with Chinese ethnicity,Persembahan pada altar Buddha oleh masyarakat Indonesia yang beretnis Tionghoa,Indonesia,"Jakarta, Indonesia",Indonesian (ind),,

,,seacrowd.research@gmail.com,23/01/2025,23/01/2025,,https://raw.githubusercontent.com/SEACrowd/sea-vl-image-collection/refs/heads/main/data/Fil%20%2849%29%20-%20Filbert%20Aurelian%20Tjiaranata.jpg,,"Gunung Mas' Tea Plantation at Puncak, Bogor","Kebun Teh Gunung Mas di Puncak, Bogor",Indonesia,"Bogor, Indonesia",Indonesian (ind),,

,,seacrowd.research@gmail.com,23/01/2025,23/01/2025,,https://raw.githubusercontent.com/SEACrowd/sea-vl-image-collection/refs/heads/main/data/Fil%20%285%29%20-%20Filbert%20Aurelian%20Tjiaranata.jpg,,"Fried Seafood Kwetiaw, a Melayu dish that is also famous in Indonesia","Kwetiaw Goreng Penang, hidangan khas Melayu yang juga terkenal di Indonesia",Indonesia,"Jakarta, Indonesia",Indonesian (ind),,

,,seacrowd.research@gmail.com,23/01/2025,23/01/2025,,https://raw.githubusercontent.com/SEACrowd/sea-vl-image-collection/refs/heads/main/data/Fil%20%2851%29%20-%20Filbert%20Aurelian%20Tjiaranata.jpg,,"The atmosphere of the Soto Kadipiro restaurant, a famous food in Yogyakarta","Suasana tempat makan Soto Kadipiro, tempat makan terkenal di Yogyakarta",Indonesia,"Yogyakarta, Indonesia",Indonesian (ind),,

,,seacrowd.research@gmail.com,23/01/2025,23/01/2025,,https://raw.githubusercontent.com/SEACrowd/sea-vl-image-collection/refs/heads/main/data/Fil%20%2852%29%20-%20Filbert%20Aurelian%20Tjiaranata.jpg,,top view of miniature Indonesian archipelago at Taman Mini Indonesia Indah (TMII),Penampakan atas miniatur kepulauan Indonesia di Taman Mini Indonesia Indah (TMII),Indonesia,"Jakarta, Indonesia",Indonesian (ind),,

,,seacrowd.research@gmail.com,23/01/2025,23/01/2025,,https://raw.githubusercontent.com/SEACrowd/sea-vl-image-collection/refs/heads/main/data/Fil%20%2853%29%20-%20Filbert%20Aurelian%20Tjiaranata.jpg,,top view of miniature papua pavilion at Taman Mini Indonesia Indah (TMII),Penampakan atas miniatur anjungan Papua di Taman Mini Indonesia Indah (TMII),Indonesia,"Jakarta, Indonesia",Indonesian (ind),,

,,seacrowd.research@gmail.com,23/01/2025,23/01/2025,,https://raw.githubusercontent.com/SEACrowd/sea-vl-image-collection/refs/heads/main/data/Fil%20%2854%29%20-%20Filbert%20Aurelian%20Tjiaranata.jpg,,top view of miniature Indonesian archipelago at Taman Mini Indonesia Indah (TMII),Penampakan atas miniatur kepulauan Indonesia di Taman Mini Indonesia Indah (TMII),Indonesia,"Jakarta, Indonesia",Indonesian (ind),,

,,seacrowd.research@gmail.com,23/01/2025,23/01/2025,,https://raw.githubusercontent.com/SEACrowd/sea-vl-image-collection/refs/heads/main/data/Fil%20%2855%29%20-%20Filbert%20Aurelian%20Tjiaranata.jpg,,Riverside Glamping Place at Pangalengan Area of Bandung,"Glamping tepi sungai di Pangalengan, Bandung"",Indonesia,""Bandung, Indonesia",Indonesia,"Bandung, Indonesia",Indonesian (ind),,

,,seacrowd.research@gmail.com,24/01/2025,24/01/2025,,https://raw.githubusercontent.com/SEACrowd/sea-vl-image-collection/refs/heads/main/data/Fil%20%2856%29%20-%20Filbert%20Aurelian%20Tjiaranata.jpg,,"Foggy view in Lembang, Bandung","Pemandangan berkabut di Lembang, Bangung",Indonesia,"Bandung, Indonesia",Indonesian (ind),,

,,seacrowd.research@gmail.com,24/01/2025,24/01/2025,,https://raw.githubusercontent.com/SEACrowd/sea-vl-image-collection/refs/heads/main/data/Fil%20%2857%29%20-%20Filbert%20Aurelian%20Tjiaranata.jpg,,"View of Mount Burangrang from a distance in Lembang, Bandung","Penampakan Gunung Burangrang dari kejauhan di Lembang, Bandung",Indonesia,"Bandung, Indonesia",Indonesian (ind),,

,,seacrowd.research@gmail.com,24/01/2025,24/01/2025,,https://raw.githubusercontent.com/SEACrowd/sea-vl-image-collection/refs/heads/main/data/Fil%20%2858%29%20-%20Filbert%20Aurelian%20Tjiaranata.jpg,,A large Buddha altar behind the football field with the mountain in the background as a monument to Dusun Krecek,Altar Buddha besar di belakang lapangan sepak bola dengan background gunung sebagai monumen Dusun Krecek,Indonesia,"Semarang, Indonesia",Indonesian (ind),,

,,seacrowd.research@gmail.com,24/01/2025,24/01/2025,,https://raw.githubusercontent.com/SEACrowd/sea-vl-image-collection/refs/heads/main/data/Fil%20%2859%29%20-%20Filbert%20Aurelian%20Tjiaranata.JPG,,Identical entrance gate for Aryamularama temple in Cianjur,Gerbang masuk identik untuk vihara Aryamularama di Cianjur,Indonesia,"Cianjur, Indonesia",Indonesian (ind),,

,,seacrowd.research@gmail.com,24/01/2025,24/01/2025,,https://raw.githubusercontent.com/SEACrowd/sea-vl-image-collection/refs/heads/main/data/Fil%20%286%29%20-%20Filbert%20Aurelian%20Tjiaranata.jpg,,"View of the villa next to the tea plantation in Puncak, Bogor","Penampilan villa di samping kebun teh di Puncak, Bogor",Indonesia,"Bogor, Indonesia",Indonesian (ind),,

,,seacrowd.research@gmail.com,24/01/2025,24/01/2025,,https://raw.githubusercontent.com/SEACrowd/sea-vl-image-collection/refs/heads/main/data/Fil%20%2860%29%20-%20Filbert%20Aurelian%20Tjiaranata.jpg,,"Kaleles, a tool used to climb onto the back of a cow that will be pulled in Karapan Sapi, a bull racing competition originating from Madura Island.","Kaleles, alat yang digunakan untuk naik ke punggung sapi yang akan ditarik pada karapan sapi, sebuah perlombaan pacuan sapi yang berasal dari Pulau Madura.",Indonesia,"Jawa Timur, Indonesia",Indonesian (ind),,

,,seacrowd.research@gmail.com,25/01/2025,25/01/2025,,https://raw.githubusercontent.com/SEACrowd/sea-vl-image-collection/refs/heads/main/data/Fil%20%2861%29%20-%20Filbert%20Aurelian%20Tjiaranata.jpg,,Martabak Manis topped with chocolate and cheese,Martabak Manis dengan topping cokelat dan keju,Indonesia,"Jakarta, Indonesia",Indonesian (ind),,

,,seacrowd.research@gmail.com,25/01/2025,25/01/2025,,https://raw.githubusercontent.com/SEACrowd/sea-vl-image-collection/refs/heads/main/data/Fil%20%2862%29%20-%20Filbert%20Aurelian%20Tjiaranata.jpg,,"The gate of Puspa Iptek Sundial, a museum for educational science and technology in Bandung","Gerbang Puspa Iptek Sundial, sebuah museum edukasi ilmu pengetahuan dan teknologi di Bandung",Indonesia,"Bandung, Indonesia",Indonesian (ind),,

,,seacrowd.research@gmail.com,25/01/2025,25/01/2025,,https://raw.githubusercontent.com/SEACrowd/sea-vl-image-collection/refs/heads/main/data/Fil%20%2863%29%20-%20Filbert%20Aurelian%20Tjiaranata.jpg,,Angklung performance at Saung Angklung Udjo,Penampilan angklung di di Saung Angklung Udjo,Indonesia,"Bandung, Indonesia",Indonesian (ind),,

,,seacrowd.research@gmail.com,25/01/2025,25/01/2025,,https://raw.githubusercontent.com/SEACrowd/sea-vl-image-collection/refs/heads/main/data/Fil%20%2864%29%20-%20Filbert%20Aurelian%20Tjiaranata.jpg,,Angklung performance at Saung Angklung Udjo,Penampilan angklung di di Saung Angklung Udjo,Indonesia,"Bandung, Indonesia",Indonesian (ind),,

,,seacrowd.research@gmail.com,25/01/2025,25/01/2025,,https://raw.githubusercontent.com/SEACrowd/sea-vl-image-collection/refs/heads/main/data/Fil%20%2865%29%20-%20Filbert%20Aurelian%20Tjiaranata.jpg,,"Storage of silkworm cocoons at the Padepokan Dayang Sumbi, Bandung","Penyimpanan kepompong ulat sutra di padepokan dayang sumbi, Bandung",Indonesia,"Bandung, Indonesia",Indonesian (ind),,

,,seacrowd.research@gmail.com,25/01/2025,25/01/2025,,https://raw.githubusercontent.com/SEACrowd/sea-vl-image-collection/refs/heads/main/data/Fil%20%2866%29%20-%20Filbert%20Aurelian%20Tjiaranata.jpg,,"Process of silk thread weaving at the Padepokan Dayang Sumbi, Bandung","Proses tenun benang sutra di Padepokan Dayang Sumbi, Bandung",Indonesia,"Bandung, Indonesia",Indonesian (ind),,

,,seacrowd.research@gmail.com,25/01/2025,25/01/2025,,https://raw.githubusercontent.com/SEACrowd/sea-vl-image-collection/refs/heads/main/data/Fil%20%2867%29%20-%20Filbert%20Aurelian%20Tjiaranata.jpg,,Celebrating new year's eve by lighting up sparklers,Perayaan malam tahun baru dengan menyalakan kembang api,Indonesia,"Bogor, Indonesia",Indonesian (ind),,

,,seacrowd.research@gmail.com,25/01/2025,25/01/2025,,https://raw.githubusercontent.com/SEACrowd/sea-vl-image-collection/refs/heads/main/data/Fil%20%2868%29%20-%20Filbert%20Aurelian%20Tjiaranata.jpg,,Big candles lit inside a emple in Cianjur,Lilin-lilin besar menyala di dalam sebuah vihara di Cianjur,Indonesia,"Cianjur, Indonesia",Indonesian (ind),,

,,seacrowd.research@gmail.com,25/01/2025,25/01/2025,,https://raw.githubusercontent.com/SEACrowd/sea-vl-image-collection/refs/heads/main/data/Fil%20%2869%29%20-%20Filbert%20Aurelian%20Tjiaranata.jpg,,"Indonesia Masters Badminton Tournament at Istora Gelora Bung Karno, Senayan","Pertandingan Bulu Tangkis Indonesia Masters di Istora Gelora Bung Karno, Senayan",Indonesia,"Jakarta, Indonesia",Indonesian (ind),,

,,seacrowd.research@gmail.com,25/01/2025,25/01/2025,,https://raw.githubusercontent.com/SEACrowd/sea-vl-image-collection/refs/heads/main/data/Fil%20%287%29%20-%20Filbert%20Aurelian%20Tjiaranata.jpg,,"Driftwood sculpture of deer in Gunung Mas' Tea Plantation at Puncak, Bogor","Patung rusa kayu apung di Kebun Teh Gunung Mas di Puncak, Bogor",Indonesia,"Bogor, Indonesia",Indonesian (ind),,

,,seacrowd.research@gmail.com,25/01/2025,25/01/2025,,https://raw.githubusercontent.com/SEACrowd/sea-vl-image-collection/refs/heads/main/data/Fil%20%2870%29%20-%20Filbert%20Aurelian%20Tjiaranata.jpg,,"Joglo Traditional House, a traditional house typical of Central Java","Rumah Tradisional Joglo, rumah adat khas Jawa Tengah",Indonesia,"Yogyakarta, Indonesia",Indonesian (ind),,

,,seacrowd.research@gmail.com,25/01/2025,25/01/2025,,https://raw.githubusercontent.com/SEACrowd/sea-vl-image-collection/refs/heads/main/data/Fil%20%2871%29%20-%20Filbert%20Aurelian%20Tjiaranata.jpg,,"Nasi Cumi, a signature Surabaya dish, consists of white rice, noodles, shrimp crackers, fried tofu, and squid in black sauce","Nasi Cumi, hidangan khas Surabaya, terdiri dari nasi putih, mie, peyek udang, tahu goreng, dan cumi dengan bumbu hitam",Indonesia,"Surabaya, Indonesia",Indonesian (ind),,

,,seacrowd.research@gmail.com,25/01/2025,25/01/2025,,https://raw.githubusercontent.com/SEACrowd/sea-vl-image-collection/refs/heads/main/data/Fil%20%2872%29%20-%20Filbert%20Aurelian%20Tjiaranata.jpeg,,"Ayam Kremes, crispy fried chicken topped with crunchy golden flakes","Ayam Kremes, ayam goreng dengan taburan kremesan",Indonesia,"Jakarta, Indonesia",Indonesian (ind),,

,,seacrowd.research@gmail.com,25/01/2025,25/01/2025,,https://raw.githubusercontent.com/SEACrowd/sea-vl-image-collection/refs/heads/main/data/Fil%20%2873%29%20-%20Filbert%20Aurelian%20Tjiaranata.jpeg,,"fresh raw vegetables (slices of cucumber, cabbage, and basil leaves)","sayur lalapan (potongan mentimun, kol, daun kemangi)",Indonesia,"Jakarta, Indonesia",Indonesian (ind),,

,,seacrowd.research@gmail.com,25/01/2025,25/01/2025,,https://raw.githubusercontent.com/SEACrowd/sea-vl-image-collection/refs/heads/main/data/Fil%20%2874%29%20-%20Filbert%20Aurelian%20Tjiaranata.jpeg,,two bowls of bakwan Malang,Dua mangkok bakwan Malang,Indonesia,"Jakarta, Indonesia",Indonesian (ind),,

,,seacrowd.research@gmail.com,25/01/2025,25/01/2025,,https://raw.githubusercontent.com/SEACrowd/sea-vl-image-collection/refs/heads/main/data/Fil%20%2875%29%20-%20Filbert%20Aurelian%20Tjiaranata.jpeg,,Sunrise view on Mount Bromo,Pemandangan matahari terbit di Pendakian Gunung Bromo,Indonesia,"Jawa Timur, Indonesia",Indonesian (ind),,

,,seacrowd.research@gmail.com,25/01/2025,25/01/2025,,https://raw.githubusercontent.com/SEACrowd/sea-vl-image-collection/refs/heads/main/data/Fil%20%288%29%20-%20Filbert%20Aurelian%20Tjiaranata.jpg,,"Javanese homemade food (rice, braised tofu, tendons and rice noodles) with the view of Nglanggeran Ancient Volcano in Yogyakarta","Makanan rumahan khas Jawa (nasi, tahu bacem, kikil, dan bihun) dengan pemandangan Gunung Api Purba Nglanggeran di Yogyakarta",Indonesia,"Yogyakarta, Indonesia",Indonesian (ind),,

,,seacrowd.research@gmail.com,25/01/2025,25/01/2025,,https://raw.githubusercontent.com/SEACrowd/sea-vl-image-collection/refs/heads/main/data/Fil%20%289%29%20-%20Filbert%20Aurelian%20Tjiaranata.jpg,,Traditional Javanese kitchen with food placed on clay containers.,Dapur tradisional jawa dengan makanan diletakan diatas wadah-wadah berbahan dasar tanah liat.,Indonesia,"Yogyakarta, Indonesia",Indonesian (ind),,

,,seacrowd.research@gmail.com,25/01/2025,25/01/2025,,https://raw.githubusercontent.com/SEACrowd/sea-vl-image-collection/refs/heads/main/data/Val%20%281%29%20-%20Filbert%20Aurelian%20Tjiaranata.jpg,,Cocoa fruit that grows in Yogyakarta,Buah kakao yang tumbuh di Yogyakarta,Indonesia,"Yogyakarta, Indonesia",Indonesian (ind),,

,,seacrowd.research@gmail.com,25/01/2025,25/01/2025,,https://raw.githubusercontent.com/SEACrowd/sea-vl-image-collection/refs/heads/main/data/Val%20%2810%29%20-%20Filbert%20Aurelian%20Tjiaranata.jpg,,Silver tableware crafts from Kotagede (silver craftsman's area) in Yogyakarta,Kerajinan peralatan makan berbahan perak dari Kotagede (tempat pengrajin perak) di Yogyakarta,Indonesia,"Yogyakarta, Indonesia",Indonesian (ind),,

,,seacrowd.research@gmail.com,25/01/2025,25/01/2025,,https://raw.githubusercontent.com/SEACrowd/sea-vl-image-collection/refs/heads/main/data/Val%20%2811%29%20-%20Filbert%20Aurelian%20Tjiaranata.jpg,,Various Indonesian instruments such as Gamelan and Gong at the Keraton Museum Yogyakarta,Berbagai instrumen khas Indonesia seperti gamelan dan gong di Museum Keraton Yogyakarta,Indonesia,"Yogyakarta, Indonesia",Indonesian (ind),,

,,seacrowd.research@gmail.com,25/01/2025,25/01/2025,,https://raw.githubusercontent.com/SEACrowd/sea-vl-image-collection/refs/heads/main/data/Val%20%2812%29%20-%20Filbert%20Aurelian%20Tjiaranata.jpg,,Interior of TransJakarta Bus (public transportation system using bus at Jakarta),Di dalam bus TransJakarta (sistem transportasi umum di Jakarta yang menggunakan bus),Indonesia,"Jakarta, Indonesia",Indonesian (ind),,

,,seacrowd.research@gmail.com,25/01/2025,25/01/2025,,https://raw.githubusercontent.com/SEACrowd/sea-vl-image-collection/refs/heads/main/data/Val%20%2813%29%20-%20Filbert%20Aurelian%20Tjiaranata.jpg,,"View of pine tree forest at Cileunca, Pangalengan","Pemandangan hutan pohon pinus di Cileunca, Pangalengan",Indonesia,"Pangalengan, Indonesia",Indonesian (ind),,

,,seacrowd.research@gmail.com,25/01/2025,25/01/2025,,https://raw.githubusercontent.com/SEACrowd/sea-vl-image-collection/refs/heads/main/data/Val%20%2814%29%20-%20Filbert%20Aurelian%20Tjiaranata.jpg,,"Sumatran Elephant at Taman Safari Zoo, Bogor","Gajah Sumatera di Kebun Binatang Taman Safari, Bogor",Indonesia,"Bogor, Indonesia",Indonesian (ind),,

,,seacrowd.research@gmail.com,25/01/2025,25/01/2025,,https://raw.githubusercontent.com/SEACrowd/sea-vl-image-collection/refs/heads/main/data/Val%20%2815%29%20-%20Filbert%20Aurelian%20Tjiaranata.jpg,,View at one of the highlands in Yogyakarta,Pemandangan dari dataran tinggi di Yogyakarta,Indonesia,"Yogyakarta, Indonesia",Indonesian (ind),,

,,seacrowd.research@gmail.com,25/01/2025,25/01/2025,,https://raw.githubusercontent.com/SEACrowd/sea-vl-image-collection/refs/heads/main/data/Val%20%2816%29%20-%20Filbert%20Aurelian%20Tjiaranata.jpg,,"View from Embung Nglanggeran, Yogyakarta","Pemandangan dari Embung Nglanggeran, Yogyakarta",Indonesia,"Yogyakarta, Indonesia",Indonesian (ind),,

,,seacrowd.research@gmail.com,25/01/2025,25/01/2025,,https://raw.githubusercontent.com/SEACrowd/sea-vl-image-collection/refs/heads/main/data/Val%20%2817%29%20-%20Filbert%20Aurelian%20Tjiaranata.jpg,,"View of Embung Nglanggeran, Yogyakarta","Pemandangan di Embung Nglanggeran, Yogyakarta",Indonesia,"Yogyakarta, Indonesia",Indonesian (ind),,

,,seacrowd.research@gmail.com,25/01/2025,25/01/2025,,https://raw.githubusercontent.com/SEACrowd/sea-vl-image-collection/refs/heads/main/data/Val%20%2818%29%20-%20Filbert%20Aurelian%20Tjiaranata.jpg,,Yogyakarta's famous bakpia souvenir,Oleh-oleh bakpia terkenal khas Yogyakarta,Indonesia,"Yogyakarta, Indonesia",Indonesian (ind),,

,,seacrowd.research@gmail.com,25/01/2025,25/01/2025,,https://raw.githubusercontent.com/SEACrowd/sea-vl-image-collection/refs/heads/main/data/Val%20%2819%29%20-%20Filbert%20Aurelian%20Tjiaranata.jpg,,"View at the Malioboro Street, Yogyakarta at nighttime","Suasana malam hari di Jalan Malioboro, Yogyakarta",Indonesia,"Yogyakarta, Indonesia",Indonesian (ind),,

,,seacrowd.research@gmail.com,25/01/2025,25/01/2025,,https://raw.githubusercontent.com/SEACrowd/sea-vl-image-collection/refs/heads/main/data/Val%20%282%29%20-%20Filbert%20Aurelian%20Tjiaranata.jpg,,"The Jakarta Cathedral which is one of the largest and oldest Catholic cathedral churches at Central Jakarta, Indonesia","Gereja Katedral Jakarta yang merupakan salah satu gereja katedral Katolik terbesar dan tertua di Jakarta Pusat, Indonesia",Indonesia,"Jakarta, Indonesia",Indonesian (ind),,

,,seacrowd.research@gmail.com,25/01/2025,25/01/2025,,https://raw.githubusercontent.com/SEACrowd/sea-vl-image-collection/refs/heads/main/data/Val%20%2820%29%20-%20Filbert%20Aurelian%20Tjiaranata.jpg,,"View at the foot of Nglanggeran Ancient Volcano, Yogyakarta","Pemandangan di kaki Gunung Api Purba Nglanggeran, Yogyakarta",Indonesia,"Yogyakarta, Indonesia",Indonesian (ind),,

,,seacrowd.research@gmail.com,25/01/2025,25/01/2025,,https://raw.githubusercontent.com/SEACrowd/sea-vl-image-collection/refs/heads/main/data/Val%20%2821%29%20-%20Filbert%20Aurelian%20Tjiaranata.jpg,,"Indonesian snacks consisting of bakpia, chocolate banana crisps, and potato crisps","Cemilan khas Indonesia yang terdiri atas bakpia, keripik pisang coklat, dan keripik kentang",Indonesia,"Yogyakarta, Indonesia",Indonesian (ind),,

,,seacrowd.research@gmail.com,25/01/2025,25/01/2025,,https://raw.githubusercontent.com/SEACrowd/sea-vl-image-collection/refs/heads/main/data/Val%20%2822%29%20-%20Filbert%20Aurelian%20Tjiaranata.jpg,,"Warteg (warung Tegal) meal consisting of rice, orek tempeh, dried potatoes (mustofa), egg, and green beans","Makanan warteg (Warung Tegal) yang terdiri dari nasi, tempe orek, kentang kering (mustofa), telur, dan buncis",Indonesia,"Jakarta, Indonesia",Indonesian (ind),,

,,seacrowd.research@gmail.com,25/01/2025,25/01/2025,,https://raw.githubusercontent.com/SEACrowd/sea-vl-image-collection/refs/heads/main/data/Val%20%2823%29%20-%20Filbert%20Aurelian%20Tjiaranata.jpeg,,"Assortments of traditional Indonesian snacks such as Sale Pisang, Bolu Emprit, and various crackers","Berbagai cemilan khas Indonesia seperti sale pisang, bolu emprit, dan kerupuk",Indonesia,"Yogyakarta, Indonesia",Indonesian (ind),,

,,seacrowd.research@gmail.com,25/01/2025,25/01/2025,,https://raw.githubusercontent.com/SEACrowd/sea-vl-image-collection/refs/heads/main/data/Val%20%283%29%20-%20Filbert%20Aurelian%20Tjiaranata.jpg,,"The Dirgantara Statue or Tugu Pancoran which is located at Pancoran area, South Jakarta","Patung Dirgantara atau Tugu Pancoran yang berlokasi di kawasan Pancoran, Jakarta Selatan",Indonesia,"Jakarta, Indonesia",Indonesian (ind),,

,,seacrowd.research@gmail.com,25/01/2025,25/01/2025,,https://raw.githubusercontent.com/SEACrowd/sea-vl-image-collection/refs/heads/main/data/Val%20%284%29%20-%20Filbert%20Aurelian%20Tjiaranata.jpg,,"Offal Satay (intestine satay, quail egg satay, skin satay, clam satay) as a complement to soto in Central Java.","Sate Jeroan (sate usus, sate telur puyuh, sate kulit, sate kerang) sebagai pelengkap makanan soto di Jawa Tengah.",Indonesia,"Yogyakarta, Indonesia",Indonesian (ind),,

,,seacrowd.research@gmail.com,25/01/2025,25/01/2025,,https://raw.githubusercontent.com/SEACrowd/sea-vl-image-collection/refs/heads/main/data/Val%20%285%29%20-%20Filbert%20Aurelian%20Tjiaranata.jpg,,Scenery of Jakarta Fair with many visitors and exhibitions.,Suasana Pekan Raya Jakarta (PRJ) yang penuh dengan pengunjung dan berbagai pameran.,Indonesia,"Jakarta, Indonesia",Indonesian (ind),,

,,seacrowd.research@gmail.com,25/01/2025,25/01/2025,,https://raw.githubusercontent.com/SEACrowd/sea-vl-image-collection/refs/heads/main/data/Val%20%286%29%20-%20Filbert%20Aurelian%20Tjiaranata.jpg,,Interior of executive class train to Yogyakarta,Di dalam kereta api kelas eksekutif menuju Yogyakarta,Indonesia,"Jakarta, Indonesia",Indonesian (ind),,

,,seacrowd.research@gmail.com,25/01/2025,25/01/2025,,https://raw.githubusercontent.com/SEACrowd/sea-vl-image-collection/refs/heads/main/data/Val%20%287%29%20-%20Filbert%20Aurelian%20Tjiaranata.jpg,,"Cocoa pods (opened), one of the famous commodities from Nglanggeran Village in Yogyakarta","Buah kakao (yang telah dibelah), salah satu komoditas terkenal dari Desa Nglanggeran di Yogyakarta",Indonesia,"Yogyakarta, Indonesia",Indonesian (ind),,

,,seacrowd.research@gmail.com,25/01/2025,25/01/2025,,https://raw.githubusercontent.com/SEACrowd/sea-vl-image-collection/refs/heads/main/data/Val%20%288%29%20-%20Filbert%20Aurelian%20Tjiaranata.jpg,,"Palanquin used by members of the Yogyakarta Sultanate in the past, displayed at the Keraton Museum Yogyakarta",Jempana atau tandu yang digunakan anggota Kesultanan Yogyakarta pada masa lampau yang dipanjang di Museum Keraton Yogyakarta,Indonesia,"Yogyakarta, Indonesia",Indonesian (ind),,

,,seacrowd.research@gmail.com,25/01/2025,25/01/2025,,https://raw.githubusercontent.com/SEACrowd/sea-vl-image-collection/refs/heads/main/data/Val%20%289%29%20-%20Filbert%20Aurelian%20Tjiaranata.jpg,,Antique teacups displayed in Keraton Museum Yogyakarta,Cangkir-cangkir teh antik yang dipajang di Museum Keraton Yogyakarta,Indonesia,"Yogyakarta, Indonesia",Indonesian (ind),,

,,seacrowd.research@gmail.com,25/01/2025,25/01/2025,,https://raw.githubusercontent.com/SEACrowd/sea-vl-image-collection/refs/heads/main/data/Mel%20%2810%29%20-%20Filbert%20Aurelian%20Tjiaranata.jpg,,"rice with soto betawi, soto with coconut milk, beef, other pieces of beef and emping crackers, a specialty of Jakarta cuisine","nasi dengan soto betawi, soto bersantan dengan isi daging, tetelan sapi dan emping, makanan khas jakarta",Indonesia,"Jakarta, Indonesia",Indonesian (ind),,

,,seacrowd.research@gmail.com,25/01/2025,25/01/2025,,https://raw.githubusercontent.com/SEACrowd/sea-vl-image-collection/refs/heads/main/data/Mel%20%2811%29%20-%20Filbert%20Aurelian%20Tjiaranata.jpg,,"Peanut Rempeyek or peyek, one type of Indonesian traditional cracker","Rempeyek atau peyek kacang, salah satu jenis kerupuk khas Indonesia",Indonesia,"Jakarta, Indonesia",Indonesian (ind),,

,,seacrowd.research@gmail.com,25/01/2025,25/01/2025,,https://raw.githubusercontent.com/SEACrowd/sea-vl-image-collection/refs/heads/main/data/Mel%20%2813%29%20-%20Filbert%20Aurelian%20Tjiaranata.jpg,,"shrimp crackers and rawon rice, Jawa Timur's specialized dish in the form of a black soup with beef or mutton with a special spice mixture that uses kluwek","kerupuk udang dan nasi rawon, makanan khas Jawa Timur berupa sup daging berkuah hitam dengan campuran bumbu khas yang menggunakan kluwek",Indonesia,"Jawa Timur, Indonesia",Indonesian (ind),,

,,seacrowd.research@gmail.com,25/01/2025,25/01/2025,,https://raw.githubusercontent.com/SEACrowd/sea-vl-image-collection/refs/heads/main/data/Mel%20%2814%29%20-%20Filbert%20Aurelian%20Tjiaranata.jpg,,"Kolak biji salak, one variation of takjil with a light brown color which has a round appearance inside condensed brown sugar sauce, served with coconut milk and Javanese sugar sauce.","Kolak biji salak, salah satu variasi takjil berwarna cokelat muda yang memiliki penampakan bulat-bulat di dalam rendaman kuah kental manis gula berwarna coklat, disajikan dengan dengan kuah santan dan gula jawa.",Indonesia,"Jakarta, Indonesia",Indonesian (ind),,

,,seacrowd.research@gmail.com,25/01/2025,25/01/2025,,https://raw.githubusercontent.com/SEACrowd/sea-vl-image-collection/refs/heads/main/data/Mel%20%2818%29%20-%20Filbert%20Aurelian%20Tjiaranata.jpg,,"clam in Padang sauce, a typical Indonesian sauce that is seasoned with spices and has a spicy, sweet and slightly sour taste","Kerang saus padang, saus khas Indonesia yang berbumbu rempah dan memiliki rasa pedas, manis, dan sedikit asam",Indonesia,"Jakarta, Indonesia",Indonesian (ind),,

,,seacrowd.research@gmail.com,25/01/2025,25/01/2025,,https://raw.githubusercontent.com/SEACrowd/sea-vl-image-collection/refs/heads/main/data/Mel%20%2821%29%20-%20Filbert%20Aurelian%20Tjiaranata.jpg,,"Gurame cabe garam, fried gourami fish served with chili and garlic seasoning","Gurame cabe garam, masakan ikan gurame yang digoreng dan disajikan dengan bumbu cabai dan bawang putih",Indonesia,"Jakarta, Indonesia",Indonesian (ind),,

,,seacrowd.research@gmail.com,25/01/2025,25/01/2025,,https://raw.githubusercontent.com/SEACrowd/sea-vl-image-collection/refs/heads/main/data/Mel%20%2822%29%20-%20Filbert%20Aurelian%20Tjiaranata.jpg,,Teapot and tea cups and deep fried singkong (cassava) and deep fried bananas,Teko dan gelas teh serta gorengan singkodan pisang,Indonesia,"Yogyakarta, Indonesia",Indonesian (ind),,

,,seacrowd.research@gmail.com,25/01/2025,25/01/2025,,https://raw.githubusercontent.com/SEACrowd/sea-vl-image-collection/refs/heads/main/data/Mel%20%2824%29%20-%20Filbert%20Aurelian%20Tjiaranata.jpg,,"fried rice with two skewers of peanut sauce chicken satay, balado shrimp, serundeng, pickles, crackers, and chili sauce.","nasi goreng dengan dua tusuk sate ayam berbumbu kacang, udang balado, serundeng, acar, kerupuk, dan sambal.",Indonesia,"Jakarta, Indonesia",Indonesian (ind),,

,,seacrowd.research@gmail.com,25/01/2025,25/01/2025,,https://raw.githubusercontent.com/SEACrowd/sea-vl-image-collection/refs/heads/main/data/Mel%20%2825%29%20-%20Filbert%20Aurelian%20Tjiaranata.jpg,,durian cut opened,durian yang sudah dibuka,Indonesia,"Jakarta, Indonesia",Indonesian (ind),,

,,seacrowd.research@gmail.com,25/01/2025,25/01/2025,,https://raw.githubusercontent.com/SEACrowd/sea-vl-image-collection/refs/heads/main/data/Mel%20%2826%29%20-%20Filbert%20Aurelian%20Tjiaranata.jpg,,deep fried bananas and coconut water (Served fresh in its shell),pisang goreng dan minuman kelapa (masih dalam batok),Indonesia,"Bandung, Indonesia",Indonesian (ind),,

,,seacrowd.research@gmail.com,25/01/2025,25/01/2025,,https://raw.githubusercontent.com/SEACrowd/sea-vl-image-collection/refs/heads/main/data/Mel%20%2828%29%20-%20Filbert%20Aurelian%20Tjiaranata.jpg,,view of Nglanggeran ancient volcano from a distance and rice fields below it,pemandangan gunung api purba dari kejauhan serta sawah dibawahnya,Indonesia,"Yogyakarta, Indonesia",Indonesian (ind),,

,,seacrowd.research@gmail.com,25/01/2025,25/01/2025,,https://raw.githubusercontent.com/SEACrowd/sea-vl-image-collection/refs/heads/main/data/Mel%20%2829%29%20-%20Filbert%20Aurelian%20Tjiaranata.jpg,,restaurant with a joglo house building (traditional Javanese house) in Yogyakarta,restoran dengan bangunan berbentuk rumah joglo (rumah tradisional jawa) di Yogyakarta,Indonesia,"Yogyakarta, Indonesia",Indonesian (ind),,

,,seacrowd.research@gmail.com,25/01/2025,25/01/2025,,https://raw.githubusercontent.com/SEACrowd/sea-vl-image-collection/refs/heads/main/data/Mel%20%2832%29%20-%20Filbert%20Aurelian%20Tjiaranata.jpg,,"morning view at kuta beach, bali","pemandangan pagi hari di pantai kuta, bali",Indonesia,"Bali, Indonesia",Indonesian (ind),,

,,seacrowd.research@gmail.com,25/01/2025,25/01/2025,,https://raw.githubusercontent.com/SEACrowd/sea-vl-image-collection/refs/heads/main/data/Mel%20%2833%29%20-%20Filbert%20Aurelian%20Tjiaranata.jpg,,Crater of Tangkuban Perahu volcano in Lembang,"kawah gunung tangkuban perahu, Lembang",Indonesia,"Bandung, Indonesia",Indonesian (ind),,

,,seacrowd.research@gmail.com,25/01/2025,25/01/2025,,https://raw.githubusercontent.com/SEACrowd/sea-vl-image-collection/refs/heads/main/data/Mel%20%2834%29%20-%20Filbert%20Aurelian%20Tjiaranata.jpg,,"Tumpeng rice, a traditional Indonesian cone-shaped food served with side dishes such as fried tempeh, balado eggs and fried chicken","Nasi tumpeng, makanan tradisional Indonesia yang berbentuk kerucut dan disajikan bersama lauk pauk seperti tempe orek, telur balado, dan ayam goreng",Indonesia,"Jakarta, Indonesia",Indonesian (ind),,

,,seacrowd.research@gmail.com,25/01/2025,25/01/2025,,https://raw.githubusercontent.com/SEACrowd/sea-vl-image-collection/refs/heads/main/data/Mel%20%285%29%20-%20Filbert%20Aurelian%20Tjiaranata.jpg,,"Kerupuk Keriting Bangka, specialty crackers from Bangka Belitung made from mackerel with a curly texture","Kerupuk keriting Bangka, kerupuk khas Bangka Belitung yang terbuat dari ikan tenggiri dengan tekstur keriting",Indonesia,"Bangka Belitung, Indonesia",Indonesian (ind),,

,,seacrowd.research@gmail.com,25/01/2025,25/01/2025,,https://raw.githubusercontent.com/SEACrowd/sea-vl-image-collection/refs/heads/main/data/Mel%20%286%29%20-%20Filbert%20Aurelian%20Tjiaranata.jpg,,"Chicken Satay, chicken meat cut into pieces, skewered with satay sticks, and grilled","Sate Ayam, daging ayam yang dipotong-potong, ditusuk dengan tusukan sate, dan dipanggang",Indonesia,"Jakarta, Indonesia",Indonesian (ind),,

,,seacrowd.research@gmail.com,25/01/2025,25/01/2025,,https://raw.githubusercontent.com/SEACrowd/sea-vl-image-collection/refs/heads/main/data/Mel%20%288%29%20-%20Filbert%20Aurelian%20Tjiaranata.jpg,,"Gurame cabe garam, fried gourami fish served with chili and garlic seasoning","Gurame cabe garam, masakan ikan gurame yang digoreng dan disajikan dengan bumbu cabai dan bawang putih",Indonesia,"Jakarta, Indonesia",Indonesian (ind),,

,,seacrowd.research@gmail.com,25/01/2025,25/01/2025,,https://raw.githubusercontent.com/SEACrowd/sea-vl-image-collection/refs/heads/main/data/Mel%20%289%29%20-%20Filbert%20Aurelian%20Tjiaranata.jpg,,Stir-fried green beans,Tumis kacang panjang,Indonesia,"Jakarta, Indonesia",Indonesian (ind),,

,,seacrowd.research@gmail.com,25/01/2025,25/01/2025,,https://raw.githubusercontent.com/SEACrowd/sea-vl-image-collection/refs/heads/main/data/Mel%20%2812%29%20-%20Filbert%20Aurelian%20Tjiaranata.jpg,,"Mutton Meat Satay, mutton meat with sweet soy sauce cut into pieces, skewered with satay sticks, and grilled.","Sate Kambing, daging kambing dengan kecap manis yang dipotong-potong, ditusuk dengan tusukan sate, dan dipanggang",Indonesia,"Bogor, Indonesia",Indonesian (ind),,

,,seacrowd.research@gmail.com,25/01/2025,25/01/2025,,https://raw.githubusercontent.com/SEACrowd/sea-vl-image-collection/refs/heads/main/data/Mel%20%2812%29_1%20-%20Filbert%20Aurelian%20Tjiaranata.jpg,,"Chicken Satay, chicken meat cut into pieces, skewered with satay sticks, and grilled","Sate Ayam, daging ayam yang dipotong-potong, ditusuk dengan tusukan sate, dan dipanggang",Indonesia,"Bogor, Indonesia",Indonesian (ind),,

,,seacrowd.research@gmail.com,25/01/2025,25/01/2025,,https://raw.githubusercontent.com/SEACrowd/sea-vl-image-collection/refs/heads/main/data/Mel%20%2816%29%20-%20Filbert%20Aurelian%20Tjiaranata.jpg,,"Putri Dewi Salad, salad of various fruits with mango sauce","Salad putri dewi, salad dengan aneka buah dan saus mangga",Indonesia,"Jakarta, Indonesia",Indonesian (ind),,

,,seacrowd.research@gmail.com,25/01/2025,25/01/2025,,https://raw.githubusercontent.com/SEACrowd/sea-vl-image-collection/refs/heads/main/data/Mel%20%2817%29%20-%20Filbert%20Aurelian%20Tjiaranata.jpg,,"Kwetiau Bagan, soupy kwetiau specialty of Bagansiapiapi and topped with sliced omelette","Kwetiau Bagan, kwetiau berkuah khas Bagansiapiapi dengan topping telur dadar potong",Indonesia,"Jakarta, Indonesia",Indonesian (ind),,

,,seacrowd.research@gmail.com,25/01/2025,25/01/2025,,https://raw.githubusercontent.com/SEACrowd/sea-vl-image-collection/refs/heads/main/data/Mel%20%2819%29%20-%20Filbert%20Aurelian%20Tjiaranata.jpg,,"Butter fried chicken, chicken fried with butter and seasonings such as soy sauce, oyster sauce, garlic and onions","Ayam goreng mentega, ayam yang digoreng dengan mentega dan bumbu seperti kecap, saus tiram, bawang putih, dan bawang bombay",Indonesia,"Jakarta, Indonesia",Indonesian (ind),,

,,seacrowd.research@gmail.com,26/01/2025,26/01/2025,,https://raw.githubusercontent.com/SEACrowd/sea-vl-image-collection/refs/heads/main/data/Mel%20%282%29%20-%20Filbert%20Aurelian%20Tjiaranata.jpg,,"Rice and Coto Makassar, Makassar's specialty soup with a rich sauce of spices and beef","Nasi dan Coto Makassar, sup khas Makassar dengan kuah kaya akan rempah-rempah dan daging sapi",Indonesia,"Makassar, Indonesia",Indonesian (ind),,

,,seacrowd.research@gmail.com,26/01/2025,26/01/2025,,https://raw.githubusercontent.com/SEACrowd/sea-vl-image-collection/refs/heads/main/data/Mel%20%2820%29%20-%20Filbert%20Aurelian%20Tjiaranata.jpg,,"Sayur bunga pepaya, a dish made from stir-fried papaya flowers","Sayur bunga pepaya, makanan dari bunga pepaya yang ditumis",Indonesia,"Jakarta, Indonesia",Indonesian (ind),,

,,seacrowd.research@gmail.com,26/01/2025,26/01/2025,,https://raw.githubusercontent.com/SEACrowd/sea-vl-image-collection/refs/heads/main/data/Mel%20%2823%29%20-%20Filbert%20Aurelian%20Tjiaranata.jpg,,"Nasi jamblang, specialty dish from Cirebon consisting of rice wrapped in jamblang leaves (teak leaves) served with various side dishes such as braised tofu, fried tempeh, cucumber, black spiced squid and potato croquettes.","Nasi jamblang, makanan khas cirebon berupa nasi yang dibungkus dengan daun jamblang (daun jati) dilengkapi dengan berbagai lauk pauk seperti tahu bacem, tempe goreng, timun, cumi bumbu hitam, dan perkedel.",Indonesia,"Cirebon, Indonesia",Indonesian (ind),,

,,seacrowd.research@gmail.com,26/01/2025,26/01/2025,,https://raw.githubusercontent.com/SEACrowd/sea-vl-image-collection/refs/heads/main/data/Mel%20%2830%29%20-%20Filbert%20Aurelian%20Tjiaranata.jpg,,"Butter fried chicken, chicken fried with butter and seasonings such as soy sauce, oyster sauce, garlic and onions","Ayam goreng mentega, ayam yang digoreng dengan mentega dan bumbu seperti kecap, saus tiram, bawang putih, dan bawang bombai",Indonesia,"Jakarta, Indonesia",Indonesian (ind),,

,,seacrowd.research@gmail.com,26/01/2025,26/01/2025,,https://raw.githubusercontent.com/SEACrowd/sea-vl-image-collection/refs/heads/main/data/Mel%20%2835%29%20-%20Filbert%20Aurelian%20Tjiaranata.jpg,,"Grand Mosque of Makassar, one of the most beautiful mosques in Eastern Indonesia, located in Makassar","Masjid Raya Makassar, salah satu masjid terindah di Indonesia Timur yang terletak di Makassar",Indonesia,"Makassar, Indonesia",Indonesian (ind),,

,,seacrowd.research@gmail.com,26/01/2025,26/01/2025,,https://raw.githubusercontent.com/SEACrowd/sea-vl-image-collection/refs/heads/main/data/Mel%20%2836%29%20-%20Filbert%20Aurelian%20Tjiaranata.jpg,,"Nasi jamblang, a specialty food from Cirebon consisting of rice wrapped in jamblang leaves (teak leaves) served with various side dishes such as braised tofu, black spiced squid, fritters, chili sauced shrimp, and chili sauce.","Nasi jamblang, makanan khas cirebon berupa nasi yang dibungkus dengan daun jamblang (daun jati) dilengkapi dengan berbagai lauk pauk seperti tahu bacem, cumi bumbu hitam, bakwan, udang cabe, dan sambal.",Indonesia,"Cirebon, Indonesia",Indonesian (ind),,

,,seacrowd.research@gmail.com,26/01/2025,26/01/2025,,https://raw.githubusercontent.com/SEACrowd/sea-vl-image-collection/refs/heads/main/data/Mel%20%287%29%20-%20Filbert%20Aurelian%20Tjiaranata.jpg,,"Es Palu Butung, a specialty dessert from Makassar made from plantain, sumsum porridge, shaved ice, syrup, grated coconut and sweetened condensed milk (similar to es pisang ijo)","Es Palu Butung, makanan pencuci mulut khas Makassar yang terbuat dari pisang raja, bubur sumsum, es serut, sirop, parutan kelapa, dan susu kental manis (mirip es pisang ijo)",Indonesia,"Makassar, Indonesia",Indonesian (ind),,

,,seacrowd.research@gmail.com,26/01/2025,26/01/2025,,https://raw.githubusercontent.com/SEACrowd/sea-vl-image-collection/refs/heads/main/data/Mel%20%287%29_1%20-%20Filbert%20Aurelian%20Tjiaranata.jpg,,"Es Pisang Ijo, a specialty dessert from Makassar made from bananas coated in green flour dough and served with shaved ice, red syrup, grated coconut, and condensed milk.","Es Pisang Ijo, makanan pencuci mulut khas Makassar yang terbuat dari pisang yang dibalut adonan tepung hijau (ijo) dan disajikan dengan es serut, sirup merah, parutan kelapa, dan kental manis",Indonesia,"Makassar, Indonesia",Indonesian (ind),,

,,seacrowd.research@gmail.com,26/01/2025,26/01/2025,,https://raw.githubusercontent.com/SEACrowd/sea-vl-image-collection/refs/heads/main/data/Mel%20%281%29%20-%20Filbert%20Aurelian%20Tjiaranata.jpg,,"Sambal dabu-dabu, a specialty chili sauce from Manado made from various types of chilies, tomatoes, and onions with basil leaves on top. Usually served with grilled fish, fried chicken, or satay.","Sambal dabu-dabu, sambal khas Manado yang terbuat dari berbagai jenis cabai, tomat, dan bawang-bawangan dengan daun kemangi diatas. Biasanya disajikan dengan ikan bakar, ayam goreng, atau sate.",Indonesia,"Makassar, Indonesia",Indonesian (ind),,
,,seacrowd.research@gmail.com,27/01/2025,27/01/2025,,https://raw.githubusercontent.com/SEACrowd/sea-vl-image-collection/refs/heads/main/data/Mel%20%2827%29%20-%20Filbert%20Aurelian%20Tjiaranata.jpg,,Wajik (sticky rice cake) wrapped in panan leaves served with dried grated coconut and raspberries on top. Traditional Indonesian food but served in a modern way.,Wajik (kue beras ketan) dibungkus daun panan yang disajikan dengan kelapa parut kering dan raspberry diatasnya. Makanan tradisional Indonesia namun disajikan secara modern.,Indonesia,"Cianjur, Indonesia",Indonesian (ind),,
,,seacrowd.research@gmail.com,27/01/2025,27/01/2025,,https://raw.githubusercontent.com/SEACrowd/sea-vl-image-collection/refs/heads/main/data/Mel%20%283%29%20-%20Filbert%20Aurelian%20Tjiaranata.jpg,,"Mie Titi, specialty dry noodles from Makassar that is served with thick sauce and sliced chicken, shrimp, mushrooms, and squid. This dish is somewhat similar to I Fu Mie","Mie Titi, Mie Kering khas Makassar yang disajikan dengan saus kental dan irisan ayam, udang, jamur, hati, dan cumi. Makanan ini agak mirip dengan I Fu Mie",Indonesia,"Makassar, Indonesia",Indonesian (ind),,
,,seacrowd.research@gmail.com,27/01/2025,27/01/2025,,https://raw.githubusercontent.com/SEACrowd/sea-vl-image-collection/refs/heads/main/data/Mel%20%2831%29%20-%20Filbert%20Aurelian%20Tjiaranata.jpg,,"rice, fried pork and sambal matah (a menu often found in Bali) served with several types of vegetables.","nasi, babi goreng dan sambal matah (menu yang sering dijumpai di Bali) disajikan dengan beberapa jenis sayuran.",Indonesia,"Bali, Indonesia",Indonesian (ind),,
,,seacrowd.research@gmail.com,27/01/2025,27/01/2025,,https://raw.githubusercontent.com/SEACrowd/sea-vl-image-collection/refs/heads/main/data/Mel%20%284%29%20-%20Filbert%20Aurelian%20Tjiaranata.JPG,,"Beams of light inside Pindul Cave, a tourist attraction in Yogyakarta","Berkas cahaya di dalam gua pindul, obyek wisata di Yogyakarta",Indonesia,"Yogyakarta, Indonesia",Indonesian (ind),,
